ticker,company,year,quarter,report_date,sentiment_score,sentiment,return_1d,target,pre_return,pre_volume_change,pre_rsi
AAPL,Apple Inc.,2024,3,2024-08-15 00:00:00-04:00,1.0,positive,0.5918512725632707,0,1.1345186264523388,-7.00267211131878,56.03257931667093
AAPL,Apple Inc.,2021,1,2021-02-16 00:00:00-05:00,1.0,positive,-1.7643973257157164,-1,-0.28190766475738593,-3.9018416744016906,32.966832402052574
AAPL,Apple Inc.,2023,2,2023-05-15 00:00:00-04:00,0.975609756097561,positive,0.0,0,-0.08553073369175657,-13.40813610004084,65.65803570276097
AAPL,Apple Inc.,2024,3,2024-08-15 00:00:00-04:00,0.9586466165413534,positive,0.5918512725632707,0,1.1345186264523388,-7.00267211131878,56.03257931667093
AAPL,Apple Inc.,2021,3,2021-08-16 00:00:00-04:00,0.9090909090909091,positive,-0.6154148803149018,0,0.40546792852823144,6.588392169275247,51.35118760618277
AAPL,Apple Inc.,2022,2,2022-05-16 00:00:00-04:00,0.9813519813519813,positive,2.542263070311823,1,-1.2779304620345935,3.013557216994799,37.44370487220578
AAPL,Apple Inc.,2022,3,2022-08-15 00:00:00-04:00,0.9808612440191388,positive,-0.09239231550194349,0,0.8117767462858438,4.539663007599781,81.62647833426442
AAPL,Apple Inc.,2021,1,2021-02-16 00:00:00-05:00,0.9811320754716981,positive,-1.7643973257157164,-1,-0.28190766475738593,-3.9018416744016906,32.966832402052574
AAPL,Apple Inc.,2024,3,2024-08-15 00:00:00-04:00,0.9948979591836735,positive,0.5918512725632707,0,1.1345186264523388,-7.00267211131878,56.03257931667093
AAPL,Apple Inc.,2021,2,2021-05-17 00:00:00-04:00,0.9811764705882353,positive,-1.1245828358358079,-1,-0.4077804205430603,3.085900474033994,35.15156729096496
AAPL,Apple Inc.,2024,3,2024-08-15 00:00:00-04:00,0.9847328244274809,positive,0.5918512725632707,0,1.1345186264523388,-7.00267211131878,56.03257931667093
AAPL,Apple Inc.,2021,3,2021-08-16 00:00:00-04:00,0.9810874704491725,positive,-0.6154148803149018,0,0.40546792852823144,6.588392169275247,51.35118760618277
AAPL,Apple Inc.,2024,2,2024-05-15 00:00:00-04:00,0.9847715736040609,positive,0.06325129064754798,0,0.5761422356320423,-2.943711190937435,77.34470459282686
AAPL,Apple Inc.,2022,4,2022-11-15 00:00:00-05:00,0.9809523809523809,positive,-0.8331371743727001,0,1.3948561861812523,1.3910709005065343,46.69191287937714
AAPL,Apple Inc.,2024,1,2024-02-15 00:00:00-05:00,0.9847715736040609,positive,-0.8430459486515995,0,-0.534934311482258,2.2711093081076674,29.062275412911774
AAPL,Apple Inc.,2023,4,2023-11-15 00:00:00-05:00,0.980440097799511,positive,0.9042129627399254,0,0.6436509860704964,1.1348958231326847,76.74350366606015
AAPL,Apple Inc.,2024,2,2024-05-15 00:00:00-04:00,0.9373695198329853,positive,0.06325129064754798,0,0.5761422356320423,-2.943711190937435,77.34470459282686
AAPL,Apple Inc.,2021,4,2021-11-15 00:00:00-05:00,0.9764705882352941,positive,0.6666775002191816,0,-0.16514589708926497,4.11301400992142,54.27261687197562
AAPL,Apple Inc.,2023,2,2023-05-15 00:00:00-04:00,0.9032882011605415,positive,0.0,0,-0.08553073369175657,-13.40813610004084,65.65803570276097
AAPL,Apple Inc.,2021,1,2021-02-16 00:00:00-05:00,1.0,positive,-1.7643973257157164,-1,-0.28190766475738593,-3.9018416744016906,32.966832402052574
AAPL,Apple Inc.,2023,1,2023-02-15 00:00:00-05:00,0.9705882352941176,positive,-1.0429375777430416,-1,-0.1505264766892367,-5.129260428150899,68.17738165255139
AAPL,Apple Inc.,2021,1,2021-02-16 00:00:00-05:00,0.9,positive,-1.7643973257157164,-1,-0.28190766475738593,-3.9018416744016906,32.966832402052574
AAPL,Apple Inc.,2022,3,2022-08-15 00:00:00-04:00,0.9535714285714286,positive,-0.09239231550194349,0,0.8117767462858438,4.539663007599781,81.62647833426442
AAPL,Apple Inc.,2022,1,2022-02-15 00:00:00-05:00,0.95,positive,-0.13891625934050467,0,-0.31267229878465086,3.106563611216539,63.69992510457958
AAPL,Apple Inc.,2022,1,2022-02-15 00:00:00-05:00,0.9811320754716981,positive,-0.13891625934050467,0,-0.31267229878465086,3.106563611216539,63.69992510457958
AAPL,Apple Inc.,2021,4,2021-11-15 00:00:00-05:00,0.967479674796748,positive,0.6666775002191816,0,-0.16514589708926497,4.11301400992142,54.27261687197562
AAPL,Apple Inc.,2023,1,2023-02-15 00:00:00-05:00,1.0,positive,-1.0429375777430416,-1,-0.1505264766892367,-5.129260428150899,68.17738165255139
AAPL,Apple Inc.,2022,3,2022-08-15 00:00:00-04:00,0.9090909090909091,positive,-0.09239231550194349,0,0.8117767462858438,4.539663007599781,81.62647833426442
AAPL,Apple Inc.,2022,4,2022-11-15 00:00:00-05:00,0.9853658536585366,positive,-0.8331371743727001,0,1.3948561861812523,1.3910709005065343,46.69191287937714
AAPL,Apple Inc.,2024,1,2024-02-15 00:00:00-05:00,1.0,positive,-0.8430459486515995,0,-0.534934311482258,2.2711093081076674,29.062275412911774
AAPL,Apple Inc.,2023,3,2023-08-15 00:00:00-04:00,0.9803439803439803,positive,-0.49590510802790533,0,0.09707011857477577,-14.363867677970338,24.697375858344472
AAPL,Apple Inc.,2024,4,2024-11-15 00:00:00-05:00,0.9796954314720813,positive,1.3422266547766126,1,0.09045679289466202,1.889196575611935,44.72325659424754
MSFT,Microsoft Corporation,2024,2,2024-05-15 00:00:00-04:00,0.9465875370919882,positive,-0.4939905005063805,0,0.3508334634542698,-2.4446615068217037,55.21122403020009
MSFT,Microsoft Corporation,2023,4,2023-11-15 00:00:00-05:00,0.9869281045751634,positive,1.758324619686502,1,0.5418790711226373,3.816855303807003,72.36997984776879
MSFT,Microsoft Corporation,2023,4,2023-11-15 00:00:00-05:00,1.0,positive,1.758324619686502,1,0.5418790711226373,3.816855303807003,72.36997984776879
MSFT,Microsoft Corporation,2024,4,2024-11-15 00:00:00-05:00,0.9935897435897436,positive,0.1831310762671734,0,0.07199050152864928,12.122697153876862,49.13558104962932
MSFT,Microsoft Corporation,2021,4,2021-11-15 00:00:00-05:00,1.0,positive,1.0236124596157747,1,0.043676545987640925,4.347846052566969,80.92149005861637
MSFT,Microsoft Corporation,2021,2,2021-05-17 00:00:00-04:00,0.9753086419753086,positive,-0.8565138622318558,0,-0.3238260931103131,-1.2631628554901275,34.950460690236
MSFT,Microsoft Corporation,2021,3,2021-08-16 00:00:00-04:00,1.0,positive,-0.5159728507125871,0,0.23556539085751282,3.4579012078275584,59.4062168734803
MSFT,Microsoft Corporation,2022,1,2022-02-15 00:00:00-05:00,0.9626168224299065,positive,-0.11672947401469846,0,-0.3790564673131236,6.864572441117946,54.18542950718626
MSFT,Microsoft Corporation,2023,4,2023-11-15 00:00:00-05:00,0.9872611464968153,positive,1.758324619686502,1,0.5418790711226373,3.816855303807003,72.36997984776879
MSFT,Microsoft Corporation,2024,3,2024-08-15 00:00:00-04:00,0.9573333333333334,positive,-0.6080328658389145,0,0.9097936173196208,-1.9773956892334517,48.79646856646097
MSFT,Microsoft Corporation,2023,1,2023-02-15 00:00:00-05:00,0.8771929824561403,positive,-2.6622796859092634,-1,0.3528289407192564,0.37040014763779466,73.53815562578248
MSFT,Microsoft Corporation,2023,4,2023-11-15 00:00:00-05:00,1.0,positive,1.758324619686502,1,0.5418790711226373,3.816855303807003,72.36997984776879
MSFT,Microsoft Corporation,2021,2,2021-05-17 00:00:00-04:00,0.9544159544159544,positive,-0.8565138622318558,0,-0.3238260931103131,-1.2631628554901275,34.950460690236
MSFT,Microsoft Corporation,2021,1,2021-02-16 00:00:00-05:00,0.9516616314199395,positive,0.4359683140539916,0,0.2596755413784735,-5.905304469272233,73.0332847407508
MSFT,Microsoft Corporation,2024,1,2024-02-15 00:00:00-05:00,1.0,positive,-0.6149206060348855,0,-0.17491538563721987,-0.08050980324989468,53.76257071634222
MSFT,Microsoft Corporation,2021,3,2021-08-16 00:00:00-04:00,0.8823529411764706,positive,-0.5159728507125871,0,0.23556539085751282,3.4579012078275584,59.4062168734803
MSFT,Microsoft Corporation,2023,4,2023-11-15 00:00:00-05:00,0.7543859649122807,positive,1.758324619686502,1,0.5418790711226373,3.816855303807003,72.36997984776879
MSFT,Microsoft Corporation,2023,3,2023-08-15 00:00:00-04:00,0.9523809523809523,positive,-0.24284218199267515,0,-0.36697804311197846,2.8717676735079865,26.549358885978165
MSFT,Microsoft Corporation,2024,4,2024-11-15 00:00:00-05:00,0.9640718562874252,positive,0.1831310762671734,0,0.07199050152864928,12.122697153876862,49.13558104962932
MSFT,Microsoft Corporation,2021,2,2021-05-17 00:00:00-04:00,1.0,positive,-0.8565138622318558,0,-0.3238260931103131,-1.2631628554901275,34.950460690236
MSFT,Microsoft Corporation,2023,4,2023-11-15 00:00:00-05:00,1.0,positive,1.758324619686502,1,0.5418790711226373,3.816855303807003,72.36997984776879
MSFT,Microsoft Corporation,2024,4,2024-11-15 00:00:00-05:00,0.4580962993372823,positive,0.1831310762671734,0,0.07199050152864928,12.122697153876862,49.13558104962932
MSFT,Microsoft Corporation,2023,3,2023-08-15 00:00:00-04:00,0.7911832946635731,positive,-0.24284218199267515,0,-0.36697804311197846,2.8717676735079865,26.549358885978165
MSFT,Microsoft Corporation,2022,2,2022-05-16 00:00:00-04:00,1.0,positive,2.0344288324636084,1,-0.9784236843242035,1.1777611083553907,41.09896471865476
MSFT,Microsoft Corporation,2022,4,2022-11-15 00:00:00-05:00,0.911504424778761,positive,0.18233719300033702,0,1.2420716492659567,2.759467447232281,45.52510661907901
MSFT,Microsoft Corporation,2021,1,2021-02-16 00:00:00-05:00,0.9656160458452722,positive,0.4359683140539916,0,0.2596755413784735,-5.905304469272233,73.0332847407508
MSFT,Microsoft Corporation,2022,2,2022-05-16 00:00:00-04:00,0.9529411764705882,positive,2.0344288324636084,1,-0.9784236843242035,1.1777611083553907,41.09896471865476
MSFT,Microsoft Corporation,2021,2,2021-05-17 00:00:00-04:00,1.0,positive,-0.8565138622318558,0,-0.3238260931103131,-1.2631628554901275,34.950460690236
MSFT,Microsoft Corporation,2021,1,2021-02-16 00:00:00-05:00,0.9752321981424149,positive,0.4359683140539916,0,0.2596755413784735,-5.905304469272233,73.0332847407508
MSFT,Microsoft Corporation,2024,3,2024-08-15 00:00:00-04:00,0.9536231884057971,positive,-0.6080328658389145,0,0.9097936173196208,-1.9773956892334517,48.79646856646097
MSFT,Microsoft Corporation,2021,4,2021-11-15 00:00:00-05:00,0.9528023598820059,positive,1.0236124596157747,1,0.043676545987640925,4.347846052566969,80.92149005861637
MSFT,Microsoft Corporation,2022,3,2022-08-15 00:00:00-04:00,0.8290993071593533,positive,-0.25900016252033975,0,0.6369092957796485,7.219416120329933,73.7235731127268
MSFT,Microsoft Corporation,2023,4,2023-11-15 00:00:00-05:00,0.9525222551928784,positive,1.758324619686502,1,0.5418790711226373,3.816855303807003,72.36997984776879
MSFT,Microsoft Corporation,2024,1,2024-02-15 00:00:00-05:00,0.9473684210526315,positive,-0.6149206060348855,0,-0.17491538563721987,-0.08050980324989468,53.76257071634222
MSFT,Microsoft Corporation,2022,1,2022-02-15 00:00:00-05:00,0.9644970414201184,positive,-0.11672947401469846,0,-0.3790564673131236,6.864572441117946,54.18542950718626
MSFT,Microsoft Corporation,2022,4,2022-11-15 00:00:00-05:00,1.0,positive,0.18233719300033702,0,1.2420716492659567,2.759467447232281,45.52510661907901
MSFT,Microsoft Corporation,2021,1,2021-02-16 00:00:00-05:00,0.9708454810495627,positive,0.4359683140539916,0,0.2596755413784735,-5.905304469272233,73.0332847407508
MSFT,Microsoft Corporation,2023,2,2023-05-15 00:00:00-04:00,0.9228486646884273,positive,0.7367834712366905,0,-0.1041542984388566,-3.1224204767589407,72.81880608552127
MSFT,Microsoft Corporation,2023,1,2023-02-15 00:00:00-05:00,0.9742765273311897,positive,-2.6622796859092634,-1,0.3528289407192564,0.37040014763779466,73.53815562578248
GOOGL,Alphabet Inc.,2021,2,2021-05-17 00:00:00-04:00,0.9386503067484663,positive,-1.1555607236218735,-1,-0.611685838952325,4.235519274703772,46.72425353248051
GOOGL,Alphabet Inc.,2022,3,2022-08-15 00:00:00-04:00,0.8827160493827161,positive,-0.3112815447130046,0,0.717532297067438,3.76431766798881,76.32847970838368
GOOGL,Alphabet Inc.,2022,4,2022-11-15 00:00:00-05:00,1.0,positive,0.4164987843163548,0,1.6320516165250076,2.297187979784924,40.46481386049758
GOOGL,Alphabet Inc.,2021,1,2021-02-16 00:00:00-05:00,0.8802395209580839,positive,0.37521974863412577,0,0.1264559393920811,-8.771329315696958,71.45544918841665
GOOGL,Alphabet Inc.,2021,4,2021-11-15 00:00:00-05:00,0.901840490797546,positive,-0.3879926759772667,0,-0.015246802705368712,-2.247287576271833,70.3496260277154
GOOGL,Alphabet Inc.,2021,1,2021-02-16 00:00:00-05:00,1.0,positive,0.37521974863412577,0,0.1264559393920811,-8.771329315696958,71.45544918841665
GOOGL,Alphabet Inc.,2024,1,2024-02-15 00:00:00-05:00,0.9863013698630136,positive,-1.5759679254471748,-1,0.06331559173179846,-0.11221930575549663,39.63651797207167
GOOGL,Alphabet Inc.,2024,2,2024-05-15 00:00:00-04:00,1.0,positive,0.9680656107189822,0,-0.10406027027016318,5.545158641622605,63.29142825564207
GOOGL,Alphabet Inc.,2024,2,2024-05-15 00:00:00-04:00,1.0,positive,0.9680656107189822,0,-0.10406027027016318,5.545158641622605,63.29142825564207
GOOGL,Alphabet Inc.,2021,3,2021-08-16 00:00:00-04:00,0.9009287925696594,positive,-1.1915369285550037,-1,0.29243676034178545,-4.157749283868406,63.187018365753474
GOOGL,Alphabet Inc.,2024,4,2024-11-15 00:00:00-05:00,0.893491124260355,positive,1.629073337249376,1,-0.5711379570634301,7.223393527959416,63.5693748545691
GOOGL,Alphabet Inc.,2023,2,2023-05-15 00:00:00-04:00,0.8647058823529412,positive,2.5748927396691323,1,2.182504506794778,17.4805128969701,75.21850074614915
GOOGL,Alphabet Inc.,2023,1,2023-02-15 00:00:00-05:00,0.8734939759036144,positive,-1.4751461805637356,-1,-2.4834964746323207,13.157587396249388,49.327354688292544
GOOGL,Alphabet Inc.,2021,2,2021-05-17 00:00:00-04:00,1.0,positive,-1.1555607236218735,-1,-0.611685838952325,4.235519274703772,46.72425353248051
GOOGL,Alphabet Inc.,2022,2,2022-05-16 00:00:00-04:00,0.9413333333333334,positive,1.7720288195738343,1,0.07205084599215095,0.6249803637185749,41.63141561266686
GOOGL,Alphabet Inc.,2023,2,2023-05-15 00:00:00-04:00,0.9519519519519519,positive,2.5748927396691323,1,2.182504506794778,17.4805128969701,75.21850074614915
GOOGL,Alphabet Inc.,2023,2,2023-05-15 00:00:00-04:00,0.9667774086378738,positive,2.5748927396691323,1,2.182504506794778,17.4805128969701,75.21850074614915
GOOGL,Alphabet Inc.,2024,2,2024-05-15 00:00:00-04:00,1.0,positive,0.9680656107189822,0,-0.10406027027016318,5.545158641622605,63.29142825564207
GOOGL,Alphabet Inc.,2023,1,2023-02-15 00:00:00-05:00,1.0,positive,-1.4751461805637356,-1,-2.4834964746323207,13.157587396249388,49.327354688292544
GOOGL,Alphabet Inc.,2022,1,2022-02-15 00:00:00-05:00,0.9931740614334471,positive,0.8268074614912191,0,-0.5173186999351431,-8.377829437242998,60.30839370033255
GOOGL,Alphabet Inc.,2023,3,2023-08-15 00:00:00-04:00,0.8931750741839762,positive,-0.8321763842513819,0,-0.026795791052727225,2.612634994307692,70.28464975561653
GOOGL,Alphabet Inc.,2023,2,2023-05-15 00:00:00-04:00,1.0,positive,2.5748927396691323,1,2.182504506794778,17.4805128969701,75.21850074614915
GOOGL,Alphabet Inc.,2024,1,2024-02-15 00:00:00-05:00,0.8805970149253731,positive,-1.5759679254471748,-1,0.06331559173179846,-0.11221930575549663,39.63651797207167
GOOGL,Alphabet Inc.,2022,3,2022-08-15 00:00:00-04:00,0.9862068965517241,positive,-0.3112815447130046,0,0.717532297067438,3.76431766798881,76.32847970838368
GOOGL,Alphabet Inc.,2024,3,2024-08-15 00:00:00-04:00,1.0,positive,1.029134603525983,1,0.19132959862486976,20.931336587679898,38.66837638776716
GOOGL,Alphabet Inc.,2024,3,2024-08-15 00:00:00-04:00,0.879154078549849,positive,1.029134603525983,1,0.19132959862486976,20.931336587679898,38.66837638776716
GOOGL,Alphabet Inc.,2024,2,2024-05-15 00:00:00-04:00,0.8798798798798799,positive,0.9680656107189822,0,-0.10406027027016318,5.545158641622605,63.29142825564207
GOOGL,Alphabet Inc.,2022,3,2022-08-15 00:00:00-04:00,0.9931506849315068,positive,-0.3112815447130046,0,0.717532297067438,3.76431766798881,76.32847970838368
GOOGL,Alphabet Inc.,2024,2,2024-05-15 00:00:00-04:00,1.0,positive,0.9680656107189822,0,-0.10406027027016318,5.545158641622605,63.29142825564207
GOOGL,Alphabet Inc.,2024,3,2024-08-15 00:00:00-04:00,1.0,positive,1.029134603525983,1,0.19132959862486976,20.931336587679898,38.66837638776716
GOOGL,Alphabet Inc.,2021,2,2021-05-17 00:00:00-04:00,0.9015384615384615,positive,-1.1555607236218735,-1,-0.611685838952325,4.235519274703772,46.72425353248051
GOOGL,Alphabet Inc.,2022,4,2022-11-15 00:00:00-05:00,0.8921568627450981,positive,0.4164987843163548,0,1.6320516165250076,2.297187979784924,40.46481386049758
GOOGL,Alphabet Inc.,2021,3,2021-08-16 00:00:00-04:00,1.0,positive,-1.1915369285550037,-1,0.29243676034178545,-4.157749283868406,63.187018365753474
GOOGL,Alphabet Inc.,2022,2,2022-05-16 00:00:00-04:00,0.8827160493827161,positive,1.7720288195738343,1,0.07205084599215095,0.6249803637185749,41.63141561266686
GOOGL,Alphabet Inc.,2023,1,2023-02-15 00:00:00-05:00,0.9795221843003413,positive,-1.4751461805637356,-1,-2.4834964746323207,13.157587396249388,49.327354688292544
GOOGL,Alphabet Inc.,2024,4,2024-11-15 00:00:00-05:00,1.0,positive,1.629073337249376,1,-0.5711379570634301,7.223393527959416,63.5693748545691
GOOGL,Alphabet Inc.,2023,4,2023-11-15 00:00:00-05:00,0.8841463414634146,positive,1.7159316383458911,1,0.4072483467606469,7.374338420771326,70.17627601707733
GOOGL,Alphabet Inc.,2022,1,2022-02-15 00:00:00-05:00,0.9058823529411765,positive,0.8268074614912191,0,-0.5173186999351431,-8.377829437242998,60.30839370033255
AMZN,Amazon.com Inc.,2023,3,2023-08-15 00:00:00-04:00,1.0,positive,-1.8885675014943426,-1,-0.22585316718519266,-6.016331661832109,67.13602640348512
AMZN,Amazon.com Inc.,2022,2,2022-05-16 00:00:00-04:00,0.7307692307692307,positive,4.113327357999652,1,-0.22912791036938884,-3.8487279234434046,24.667396932998457
AMZN,Amazon.com Inc.,2021,2,2021-05-17 00:00:00-04:00,0.9288025889967637,positive,-1.1653058569779051,-1,-0.402302220646642,-4.591868611429045,34.25924396297873
AMZN,Amazon.com Inc.,2022,3,2022-08-15 00:00:00-04:00,0.7079889807162535,positive,1.11747882760318,1,0.40759020886736996,0.8048490620576281,71.92329945610541
AMZN,Amazon.com Inc.,2022,4,2022-11-15 00:00:00-05:00,0.7158469945355191,positive,-1.8394983322362668,-1,1.8651619402749993,12.271810364867262,29.81559349497006
AMZN,Amazon.com Inc.,2022,2,2022-05-16 00:00:00-04:00,0.89937106918239,positive,4.113327357999652,1,-0.22912791036938884,-3.8487279234434046,24.667396932998457
AMZN,Amazon.com Inc.,2023,4,2023-11-15 00:00:00-05:00,0.7809694793536804,positive,-0.25837648398919777,0,0.4395346469840744,6.355070948846604,85.6767010691855
AMZN,Amazon.com Inc.,2021,2,2021-05-17 00:00:00-04:00,1.0,positive,-1.1653058569779051,-1,-0.402302220646642,-4.591868611429045,34.25924396297873
AMZN,Amazon.com Inc.,2021,3,2021-08-16 00:00:00-04:00,1.0,positive,-1.728702615047184,-1,-0.3057442259453147,-3.3385243732955994,13.524371867428286
AMZN,Amazon.com Inc.,2023,2,2023-05-15 00:00:00-04:00,0.9021406727828746,positive,1.9784214370623499,1,0.8700296809424568,3.2310362141341855,56.59395014433995
AMZN,Amazon.com Inc.,2023,1,2023-02-15 00:00:00-05:00,0.9306666666666666,positive,-2.975486385196624,-1,-0.4659644160967158,-12.634414938156182,53.452050917544646
AMZN,Amazon.com Inc.,2021,2,2021-05-17 00:00:00-04:00,0.8677248677248677,positive,-1.1653058569779051,-1,-0.402302220646642,-4.591868611429045,34.25924396297873
AMZN,Amazon.com Inc.,2022,2,2022-05-16 00:00:00-04:00,0.8861386138613861,positive,4.113327357999652,1,-0.22912791036938884,-3.8487279234434046,24.667396932998457
AMZN,Amazon.com Inc.,2024,2,2024-05-15 00:00:00-04:00,0.803921568627451,positive,-1.268885714634993,-1,-0.17762015382140506,9.953537869369972,64.71085404679246
AMZN,Amazon.com Inc.,2023,1,2023-02-15 00:00:00-05:00,0.8868894601542416,positive,-2.975486385196624,-1,-0.4659644160967158,-12.634414938156182,53.452050917544646
AMZN,Amazon.com Inc.,2021,2,2021-05-17 00:00:00-04:00,0.8126721763085399,positive,-1.1653058569779051,-1,-0.402302220646642,-4.591868611429045,34.25924396297873
AMZN,Amazon.com Inc.,2021,4,2021-11-15 00:00:00-05:00,1.0,positive,-0.1404486161877938,0,0.05127450749530915,-6.000159509732248,63.83837683913906
AMZN,Amazon.com Inc.,2023,2,2023-05-15 00:00:00-04:00,0.723404255319149,positive,1.9784214370623499,1,0.8700296809424568,3.2310362141341855,56.59395014433995
AMZN,Amazon.com Inc.,2022,1,2022-02-15 00:00:00-05:00,0.8166189111747851,positive,1.0159039538768955,1,-0.3323447213992803,-3.061817476253291,63.009924336318015
AMZN,Amazon.com Inc.,2023,3,2023-08-15 00:00:00-04:00,0.7050938337801609,positive,-1.8885675014943426,-1,-0.22585316718519266,-6.016331661832109,67.13602640348512
AMZN,Amazon.com Inc.,2022,2,2022-05-16 00:00:00-04:00,1.0,positive,4.113327357999652,1,-0.22912791036938884,-3.8487279234434046,24.667396932998457
AMZN,Amazon.com Inc.,2024,3,2024-08-15 00:00:00-04:00,0.8545454545454545,positive,-0.2984395462729106,0,0.8890447640493848,-7.92893721477503,39.330255522426334
AMZN,Amazon.com Inc.,2021,1,2021-02-16 00:00:00-05:00,1.0,positive,1.2141589169594624,1,-0.3408890603762815,-3.707694865923612,48.51539506861629
AMZN,Amazon.com Inc.,2023,4,2023-11-15 00:00:00-05:00,0.7250673854447439,positive,-0.25837648398919777,0,0.4395346469840744,6.355070948846604,85.6767010691855
AMZN,Amazon.com Inc.,2021,3,2021-08-16 00:00:00-04:00,1.0,positive,-1.728702615047184,-1,-0.3057442259453147,-3.3385243732955994,13.524371867428286
AMZN,Amazon.com Inc.,2021,3,2021-08-16 00:00:00-04:00,0.8352941176470589,positive,-1.728702615047184,-1,-0.3057442259453147,-3.3385243732955994,13.524371867428286
AMZN,Amazon.com Inc.,2024,1,2024-02-15 00:00:00-05:00,0.7025641025641025,positive,-0.1707941929974366,0,0.06816665964071822,0.06251373793332533,65.14769439233363
AMZN,Amazon.com Inc.,2023,2,2023-05-15 00:00:00-04:00,1.0,positive,1.9784214370623499,1,0.8700296809424568,3.2310362141341855,56.59395014433995
AMZN,Amazon.com Inc.,2021,4,2021-11-15 00:00:00-05:00,0.8208955223880597,positive,-0.1404486161877938,0,0.05127450749530915,-6.000159509732248,63.83837683913906
AMZN,Amazon.com Inc.,2022,2,2022-05-16 00:00:00-04:00,0.9932432432432432,positive,4.113327357999652,1,-0.22912791036938884,-3.8487279234434046,24.667396932998457
AMZN,Amazon.com Inc.,2024,2,2024-05-15 00:00:00-04:00,1.0,positive,-1.268885714634993,-1,-0.17762015382140506,9.953537869369972,64.71085404679246
AMZN,Amazon.com Inc.,2021,1,2021-02-16 00:00:00-05:00,0.8443804034582133,positive,1.2141589169594624,1,-0.3408890603762815,-3.707694865923612,48.51539506861629
AMZN,Amazon.com Inc.,2024,2,2024-05-15 00:00:00-04:00,0.8483965014577259,positive,-1.268885714634993,-1,-0.17762015382140506,9.953537869369972,64.71085404679246
AMZN,Amazon.com Inc.,2024,2,2024-05-15 00:00:00-04:00,1.0,positive,-1.268885714634993,-1,-0.17762015382140506,9.953537869369972,64.71085404679246
AMZN,Amazon.com Inc.,2024,2,2024-05-15 00:00:00-04:00,0.9257294429708223,positive,-1.268885714634993,-1,-0.17762015382140506,9.953537869369972,64.71085404679246
AMZN,Amazon.com Inc.,2022,4,2022-11-15 00:00:00-05:00,0.8932584269662921,positive,-1.8394983322362668,-1,1.8651619402749993,12.271810364867262,29.81559349497006
AMZN,Amazon.com Inc.,2023,1,2023-02-15 00:00:00-05:00,0.6657963446475196,positive,-2.975486385196624,-1,-0.4659644160967158,-12.634414938156182,53.452050917544646
AMZN,Amazon.com Inc.,2022,1,2022-02-15 00:00:00-05:00,1.0,positive,1.0159039538768955,1,-0.3323447213992803,-3.061817476253291,63.009924336318015
AMZN,Amazon.com Inc.,2022,4,2022-11-15 00:00:00-05:00,0.8727735368956743,positive,-1.8394983322362668,-1,1.8651619402749993,12.271810364867262,29.81559349497006
AMZN,Amazon.com Inc.,2024,4,2024-11-15 00:00:00-05:00,0.8662613981762918,positive,-0.4491405455644193,0,0.14548568453651045,-2.5530383868089634,72.62290516492453
NVDA,NVIDIA Corporation,2022,1,2022-02-15 00:00:00-05:00,0.9447513812154696,positive,0.060389408560235225,0,-0.2669278525244012,5.051009536694044,58.304123251682306
NVDA,NVIDIA Corporation,2023,4,2023-11-15 00:00:00-05:00,0.8837209302325582,positive,1.210936225336967,1,1.5649350784677996,6.9190281112067655,84.1143226628832
NVDA,NVIDIA Corporation,2024,2,2024-05-15 00:00:00-04:00,0.9784172661870504,positive,-0.2863637019833498,0,0.1828713537402371,-6.403304083437551,70.9323855255037
NVDA,NVIDIA Corporation,2024,4,2024-11-15 00:00:00-05:00,0.8771929824561403,positive,-1.2889184315593716,-1,-0.27725444847267244,-0.9176481807998526,57.34795468372444
NVDA,NVIDIA Corporation,2021,2,2021-05-17 00:00:00-04:00,0.8476658476658476,positive,-1.0571566206265426,-1,-0.7368489226743602,2.876332826027967,32.30410814438427
NVDA,NVIDIA Corporation,2023,2,2023-05-15 00:00:00-04:00,0.6170212765957447,positive,0.8980176347069158,0,-0.22880402107903208,-4.730122300892672,58.271738879246456
NVDA,NVIDIA Corporation,2023,3,2023-08-15 00:00:00-04:00,1.0,positive,-1.033223358415447,-1,-0.6590896822277627,19.454626808692495,42.36559269928106
NVDA,NVIDIA Corporation,2022,3,2022-08-15 00:00:00-04:00,0.8716216216216216,positive,-0.8038983727141846,0,-0.18727133960710454,18.180994767660195,61.64476428318751
NVDA,NVIDIA Corporation,2021,2,2021-05-17 00:00:00-04:00,0.9786476868327402,positive,-1.0571566206265426,-1,-0.7368489226743602,2.876332826027967,32.30410814438427
NVDA,NVIDIA Corporation,2022,3,2022-08-15 00:00:00-04:00,1.0,positive,-0.8038983727141846,0,-0.18727133960710454,18.180994767660195,61.64476428318751
NVDA,NVIDIA Corporation,2023,3,2023-08-15 00:00:00-04:00,0.8516320474777448,positive,-1.033223358415447,-1,-0.6590896822277627,19.454626808692495,42.36559269928106
NVDA,NVIDIA Corporation,2023,2,2023-05-15 00:00:00-04:00,1.0,positive,0.8980176347069158,0,-0.22880402107903208,-4.730122300892672,58.271738879246456
NVDA,NVIDIA Corporation,2021,2,2021-05-17 00:00:00-04:00,0.9925925925925926,positive,-1.0571566206265426,-1,-0.7368489226743602,2.876332826027967,32.30410814438427
NVDA,NVIDIA Corporation,2021,1,2021-02-16 00:00:00-05:00,0.9924242424242424,positive,-2.767420514641139,-1,0.9234734886734236,2.7396924925836057,66.22626800746632
NVDA,NVIDIA Corporation,2024,4,2024-11-15 00:00:00-05:00,1.0,positive,-1.2889184315593716,-1,-0.27725444847267244,-0.9176481807998526,57.34795468372444
NVDA,NVIDIA Corporation,2022,1,2022-02-15 00:00:00-05:00,0.842391304347826,positive,0.060389408560235225,0,-0.2669278525244012,5.051009536694044,58.304123251682306
NVDA,NVIDIA Corporation,2022,2,2022-05-16 00:00:00-04:00,0.6675324675324675,positive,5.288466166876193,1,-0.8373911476063369,1.6560103550061662,41.459230337725636
NVDA,NVIDIA Corporation,2023,1,2023-02-15 00:00:00-05:00,0.4939759036144578,positive,-3.347395804201936,-1,0.7657166473327214,2.292679557572046,69.32611676759336
NVDA,NVIDIA Corporation,2023,4,2023-11-15 00:00:00-05:00,0.9924242424242424,positive,1.210936225336967,1,1.5649350784677996,6.9190281112067655,84.1143226628832
NVDA,NVIDIA Corporation,2024,2,2024-05-15 00:00:00-04:00,0.850828729281768,positive,-0.2863637019833498,0,0.1828713537402371,-6.403304083437551,70.9323855255037
NVDA,NVIDIA Corporation,2023,4,2023-11-15 00:00:00-05:00,0.9924242424242424,positive,1.210936225336967,1,1.5649350784677996,6.9190281112067655,84.1143226628832
NVDA,NVIDIA Corporation,2021,4,2021-11-15 00:00:00-05:00,0.839541547277937,positive,0.5928435033551338,0,0.46225175054825707,-7.483241426938358,84.25647010082228
NVDA,NVIDIA Corporation,2022,2,2022-05-16 00:00:00-04:00,0.9345238095238095,positive,5.288466166876193,1,-0.8373911476063369,1.6560103550061662,41.459230337725636
NVDA,NVIDIA Corporation,2024,1,2024-02-15 00:00:00-05:00,0.9470899470899471,positive,-0.06193372293314958,0,1.0750185455241823,2.3035487587908876,81.78344298743674
NVDA,NVIDIA Corporation,2022,3,2022-08-15 00:00:00-04:00,0.45754716981132076,positive,-0.8038983727141846,0,-0.18727133960710454,18.180994767660195,61.64476428318751
NVDA,NVIDIA Corporation,2024,3,2024-08-15 00:00:00-04:00,1.0,positive,1.3999718501239045,1,3.6389756001442164,-2.811442576381297,54.22002982106805
NVDA,NVIDIA Corporation,2021,2,2021-05-17 00:00:00-04:00,0.9927797833935018,positive,-1.0571566206265426,-1,-0.7368489226743602,2.876332826027967,32.30410814438427
NVDA,NVIDIA Corporation,2022,4,2022-11-15 00:00:00-05:00,0.5255102040816326,positive,-4.536198968012228,-1,2.8489537356266537,9.95815579853495,72.30231559327078
NVDA,NVIDIA Corporation,2024,3,2024-08-15 00:00:00-04:00,0.9161676646706587,positive,1.3999718501239045,1,3.6389756001442164,-2.811442576381297,54.22002982106805
NVDA,NVIDIA Corporation,2024,1,2024-02-15 00:00:00-05:00,0.88,positive,-0.06193372293314958,0,1.0750185455241823,2.3035487587908876,81.78344298743674
NVDA,NVIDIA Corporation,2021,1,2021-02-16 00:00:00-05:00,0.7772020725388601,positive,-2.767420514641139,-1,0.9234734886734236,2.7396924925836057,66.22626800746632
NVDA,NVIDIA Corporation,2022,3,2022-08-15 00:00:00-04:00,0.9924242424242424,positive,-0.8038983727141846,0,-0.18727133960710454,18.180994767660195,61.64476428318751
NVDA,NVIDIA Corporation,2021,2,2021-05-17 00:00:00-04:00,0.8465909090909091,positive,-1.0571566206265426,-1,-0.7368489226743602,2.876332826027967,32.30410814438427
NVDA,NVIDIA Corporation,2023,1,2023-02-15 00:00:00-05:00,0.9452054794520548,positive,-3.347395804201936,-1,0.7657166473327214,2.292679557572046,69.32611676759336
NVDA,NVIDIA Corporation,2021,2,2021-05-17 00:00:00-04:00,1.0,positive,-1.0571566206265426,-1,-0.7368489226743602,2.876332826027967,32.30410814438427
NVDA,NVIDIA Corporation,2021,3,2021-08-16 00:00:00-04:00,0.9064327485380117,positive,-2.4661772671611293,-1,-0.16777219413813604,2.089244595173549,63.6779456719885
NVDA,NVIDIA Corporation,2022,1,2022-02-15 00:00:00-05:00,1.0,positive,0.060389408560235225,0,-0.2669278525244012,5.051009536694044,58.304123251682306
META,Meta Platforms Inc.,2021,4,2021-11-15 00:00:00-05:00,0.9518072289156626,positive,-1.3235236126609484,-1,0.00847529958036155,10.096366224719565,58.034796937094086
META,Meta Platforms Inc.,2024,2,2024-05-15 00:00:00-04:00,1.0,positive,-1.7257240272694818,-1,0.15850617250832366,-2.0564505171280665,41.354521034773015
META,Meta Platforms Inc.,2021,3,2021-08-16 00:00:00-04:00,0.9930555555555556,positive,-2.2124627376413963,-1,-0.01719100110181948,-3.733904274156488,40.937520211372025
META,Meta Platforms Inc.,2021,2,2021-05-17 00:00:00-04:00,1.0,positive,-1.743489626868977,-1,-0.16593476252167552,8.082750054838034,58.275599035547735
META,Meta Platforms Inc.,2024,1,2024-02-15 00:00:00-05:00,1.0,positive,-2.212666253396789,-1,0.16832345300644924,-5.357603275541413,74.45948883848362
META,Meta Platforms Inc.,2024,3,2024-08-15 00:00:00-04:00,0.9042253521126761,positive,-1.844316696705417,-1,1.516994881088083,-7.914901718265851,76.20580071691796
META,Meta Platforms Inc.,2023,2,2023-05-15 00:00:00-04:00,0.9787234042553191,positive,-0.016738875531396857,0,0.09041318670798937,-7.410754381556305,68.4905203893959
META,Meta Platforms Inc.,2023,1,2023-02-15 00:00:00-05:00,1.0,positive,-2.6642590068307936,-1,-1.2674300968938268,-11.992243457443305,71.65335005433917
META,Meta Platforms Inc.,2023,1,2023-02-15 00:00:00-05:00,1.0,positive,-2.6642590068307936,-1,-1.2674300968938268,-11.992243457443305,71.65335005433917
META,Meta Platforms Inc.,2022,2,2022-05-16 00:00:00-04:00,1.0,positive,1.28975194743417,1,-0.46010992673111595,-4.642983146429443,54.90924655185044
META,Meta Platforms Inc.,2022,3,2022-08-15 00:00:00-04:00,0.8148893360160966,positive,-0.7850025726326981,0,1.5817800712901309,0.8300741539459615,61.19281124703985
META,Meta Platforms Inc.,2023,2,2023-05-15 00:00:00-04:00,1.0,positive,-0.016738875531396857,0,0.09041318670798937,-7.410754381556305,68.4905203893959
META,Meta Platforms Inc.,2022,3,2022-08-15 00:00:00-04:00,1.0,positive,-0.7850025726326981,0,1.5817800712901309,0.8300741539459615,61.19281124703985
META,Meta Platforms Inc.,2023,1,2023-02-15 00:00:00-05:00,0.900990099009901,positive,-2.6642590068307936,-1,-1.2674300968938268,-11.992243457443305,71.65335005433917
META,Meta Platforms Inc.,2023,2,2023-05-15 00:00:00-04:00,0.9515570934256056,positive,-0.016738875531396857,0,0.09041318670798937,-7.410754381556305,68.4905203893959
META,Meta Platforms Inc.,2022,2,2022-05-16 00:00:00-04:00,1.0,positive,1.28975194743417,1,-0.46010992673111595,-4.642983146429443,54.90924655185044
META,Meta Platforms Inc.,2023,2,2023-05-15 00:00:00-04:00,0.9042253521126761,positive,-0.016738875531396857,0,0.09041318670798937,-7.410754381556305,68.4905203893959
META,Meta Platforms Inc.,2024,1,2024-02-15 00:00:00-05:00,1.0,positive,-2.212666253396789,-1,0.16832345300644924,-5.357603275541413,74.45948883848362
META,Meta Platforms Inc.,2021,2,2021-05-17 00:00:00-04:00,0.9861111111111112,positive,-1.743489626868977,-1,-0.16593476252167552,8.082750054838034,58.275599035547735
META,Meta Platforms Inc.,2024,1,2024-02-15 00:00:00-05:00,0.934640522875817,positive,-2.212666253396789,-1,0.16832345300644924,-5.357603275541413,74.45948883848362
META,Meta Platforms Inc.,2024,2,2024-05-15 00:00:00-04:00,0.9575971731448764,positive,-1.7257240272694818,-1,0.15850617250832366,-2.0564505171280665,41.354521034773015
META,Meta Platforms Inc.,2021,4,2021-11-15 00:00:00-05:00,0.9716312056737588,positive,-1.3235236126609484,-1,0.00847529958036155,10.096366224719565,58.034796937094086
META,Meta Platforms Inc.,2021,3,2021-08-16 00:00:00-04:00,0.9924242424242424,positive,-2.2124627376413963,-1,-0.01719100110181948,-3.733904274156488,40.937520211372025
META,Meta Platforms Inc.,2024,3,2024-08-15 00:00:00-04:00,0.9691516709511568,positive,-1.844316696705417,-1,1.516994881088083,-7.914901718265851,76.20580071691796
META,Meta Platforms Inc.,2023,4,2023-11-15 00:00:00-05:00,0.9259259259259259,positive,0.4448397346665134,0,1.0793737461231467,4.776219557010611,78.78829913766052
META,Meta Platforms Inc.,2022,4,2022-11-15 00:00:00-05:00,0.9466666666666667,positive,-3.288342930081345,-1,3.452710496406619,1.7098577104347779,35.62520751873309
META,Meta Platforms Inc.,2024,3,2024-08-15 00:00:00-04:00,0.9577464788732394,positive,-1.844316696705417,-1,1.516994881088083,-7.914901718265851,76.20580071691796
META,Meta Platforms Inc.,2021,1,2021-02-16 00:00:00-05:00,0.9581881533101045,positive,-0.14600456591620237,0,0.36776030772072144,-8.748474882020314,42.029281690645
META,Meta Platforms Inc.,2023,3,2023-08-15 00:00:00-04:00,0.9269102990033222,positive,-2.5368393860041416,-1,-0.6547564574641651,1.2321272601160183,57.294010606694336
META,Meta Platforms Inc.,2022,3,2022-08-15 00:00:00-04:00,1.0,positive,-0.7850025726326981,0,1.5817800712901309,0.8300741539459615,61.19281124703985
META,Meta Platforms Inc.,2023,1,2023-02-15 00:00:00-05:00,0.9924242424242424,positive,-2.6642590068307936,-1,-1.2674300968938268,-11.992243457443305,71.65335005433917
META,Meta Platforms Inc.,2022,1,2022-02-15 00:00:00-05:00,0.9656357388316151,positive,-2.0181032715027247,-1,-0.601403053220011,-13.684622383288673,24.682188937959666
META,Meta Platforms Inc.,2022,3,2022-08-15 00:00:00-04:00,1.0,positive,-0.7850025726326981,0,1.5817800712901309,0.8300741539459615,61.19281124703985
META,Meta Platforms Inc.,2022,2,2022-05-16 00:00:00-04:00,1.0,positive,1.28975194743417,1,-0.46010992673111595,-4.642983146429443,54.90924655185044
META,Meta Platforms Inc.,2022,3,2022-08-15 00:00:00-04:00,0.9298245614035088,positive,-0.7850025726326981,0,1.5817800712901309,0.8300741539459615,61.19281124703985
META,Meta Platforms Inc.,2022,1,2022-02-15 00:00:00-05:00,1.0,positive,-2.0181032715027247,-1,-0.601403053220011,-13.684622383288673,24.682188937959666
META,Meta Platforms Inc.,2023,1,2023-02-15 00:00:00-05:00,0.9241379310344827,positive,-2.6642590068307936,-1,-1.2674300968938268,-11.992243457443305,71.65335005433917
META,Meta Platforms Inc.,2022,1,2022-02-15 00:00:00-05:00,1.0,positive,-2.0181032715027247,-1,-0.601403053220011,-13.684622383288673,24.682188937959666
META,Meta Platforms Inc.,2022,2,2022-05-16 00:00:00-04:00,0.9575971731448764,positive,1.28975194743417,1,-0.46010992673111595,-4.642983146429443,54.90924655185044
META,Meta Platforms Inc.,2024,4,2024-11-15 00:00:00-05:00,0.971830985915493,positive,0.057753412129857296,0,-0.49534025098680656,0.20439383717940665,51.911979522000635
META,Meta Platforms Inc.,2022,4,2022-11-15 00:00:00-05:00,0.9172413793103448,positive,-3.288342930081345,-1,3.452710496406619,1.7098577104347779,35.62520751873309
TSLA,Tesla Inc.,2023,2,2023-05-15 00:00:00-04:00,1.0,positive,0.1021930644472091,0,-0.23246414569699114,11.360898291982076,55.93701221436909
TSLA,Tesla Inc.,2022,1,2022-02-15 00:00:00-05:00,1.0,positive,0.10407532409399955,0,-0.6675005078202509,3.647724400814969,45.16663587927746
TSLA,Tesla Inc.,2021,4,2021-11-15 00:00:00-05:00,1.0,positive,4.079376842602822,1,-3.146498419768606,14.05638887977037,50.74243627854709
TSLA,Tesla Inc.,2024,4,2024-11-15 00:00:00-05:00,0.9130434782608695,positive,5.618604684798378,1,1.1525441339561153,5.627749516070766,61.94050678301402
TSLA,Tesla Inc.,2021,4,2021-11-15 00:00:00-05:00,1.0,positive,4.079376842602822,1,-3.146498419768606,14.05638887977037,50.74243627854709
TSLA,Tesla Inc.,2021,1,2021-02-16 00:00:00-05:00,1.0,positive,0.24238672272685058,0,-1.3681393808000484,20.934182052527685,38.33501750214649
TSLA,Tesla Inc.,2023,4,2023-11-15 00:00:00-05:00,0.9847908745247148,positive,-3.8090924639652135,-1,1.4152173873562846,6.108011034531851,64.88031474857891
TSLA,Tesla Inc.,2021,3,2021-08-16 00:00:00-04:00,1.0,positive,-2.981764971635037,-1,0.519690001833284,6.481962633129783,71.52462850743771
TSLA,Tesla Inc.,2023,2,2023-05-15 00:00:00-04:00,0.9359430604982206,positive,0.1021930644472091,0,-0.23246414569699114,11.360898291982076,55.93701221436909
TSLA,Tesla Inc.,2022,2,2022-05-16 00:00:00-04:00,0.9923664122137404,positive,5.141017778952928,1,-2.1578687116434976,8.53845444813827,27.664897689097742
TSLA,Tesla Inc.,2024,4,2024-11-15 00:00:00-05:00,1.0,positive,5.618604684798378,1,1.1525441339561153,5.627749516070766,61.94050678301402
TSLA,Tesla Inc.,2021,3,2021-08-16 00:00:00-04:00,1.0,positive,-2.981764971635037,-1,0.519690001833284,6.481962633129783,71.52462850743771
TSLA,Tesla Inc.,2022,3,2022-08-15 00:00:00-04:00,1.0,positive,-0.8912075793144236,0,0.856269540789356,-5.578939239617362,63.02383526891221
TSLA,Tesla Inc.,2022,1,2022-02-15 00:00:00-05:00,1.0,positive,0.10407532409399955,0,-0.6675005078202509,3.647724400814969,45.16663587927746
TSLA,Tesla Inc.,2021,1,2021-02-16 00:00:00-05:00,0.9413680781758957,positive,0.24238672272685058,0,-1.3681393808000484,20.934182052527685,38.33501750214649
TSLA,Tesla Inc.,2023,1,2023-02-15 00:00:00-05:00,1.0,positive,-5.694553722096762,-1,1.3209023184788093,4.229488376568042,78.76797675181484
TSLA,Tesla Inc.,2021,3,2021-08-16 00:00:00-04:00,0.8857142857142857,positive,-2.981764971635037,-1,0.519690001833284,6.481962633129783,71.52462850743771
TSLA,Tesla Inc.,2022,2,2022-05-16 00:00:00-04:00,1.0,positive,5.141017778952928,1,-2.1578687116434976,8.53845444813827,27.664897689097742
TSLA,Tesla Inc.,2024,2,2024-05-15 00:00:00-04:00,0.7927170868347339,positive,0.4885285464054867,0,-0.004830790567194043,4.072420203293097,59.64956338653539
TSLA,Tesla Inc.,2024,1,2024-02-15 00:00:00-05:00,1.0,positive,-0.24943876658132247,0,0.14492023863911907,-5.264851302859304,56.156337941559876
TSLA,Tesla Inc.,2024,3,2024-08-15 00:00:00-04:00,1.0,positive,0.9246267550119258,0,1.0305428020513507,0.3922855088059697,40.84425435989649
TSLA,Tesla Inc.,2021,1,2021-02-16 00:00:00-05:00,1.0,positive,0.24238672272685058,0,-1.3681393808000484,20.934182052527685,38.33501750214649
TSLA,Tesla Inc.,2023,3,2023-08-15 00:00:00-04:00,0.9652777777777778,positive,-3.1593408302874493,-1,-0.938079087895276,-2.018286869302419,30.572462662069526
TSLA,Tesla Inc.,2021,1,2021-02-16 00:00:00-05:00,1.0,positive,0.24238672272685058,0,-1.3681393808000484,20.934182052527685,38.33501750214649
TSLA,Tesla Inc.,2024,3,2024-08-15 00:00:00-04:00,0.875,positive,0.9246267550119258,0,1.0305428020513507,0.3922855088059697,40.84425435989649
TSLA,Tesla Inc.,2023,1,2023-02-15 00:00:00-05:00,0.9300699300699301,positive,-5.694553722096762,-1,1.3209023184788093,4.229488376568042,78.76797675181484
TSLA,Tesla Inc.,2021,4,2021-11-15 00:00:00-05:00,1.0,positive,4.079376842602822,1,-3.146498419768606,14.05638887977037,50.74243627854709
TSLA,Tesla Inc.,2021,4,2021-11-15 00:00:00-05:00,0.8653846153846154,positive,4.079376842602822,1,-3.146498419768606,14.05638887977037,50.74243627854709
TSLA,Tesla Inc.,2022,3,2022-08-15 00:00:00-04:00,1.0,positive,-0.8912075793144236,0,0.856269540789356,-5.578939239617362,63.02383526891221
TSLA,Tesla Inc.,2024,2,2024-05-15 00:00:00-04:00,1.0,positive,0.4885285464054867,0,-0.004830790567194043,4.072420203293097,59.64956338653539
TSLA,Tesla Inc.,2023,3,2023-08-15 00:00:00-04:00,1.0,positive,-3.1593408302874493,-1,-0.938079087895276,-2.018286869302419,30.572462662069526
TSLA,Tesla Inc.,2022,3,2022-08-15 00:00:00-04:00,0.9923664122137404,positive,-0.8912075793144236,0,0.856269540789356,-5.578939239617362,63.02383526891221
TSLA,Tesla Inc.,2023,3,2023-08-15 00:00:00-04:00,0.8823529411764706,positive,-3.1593408302874493,-1,-0.938079087895276,-2.018286869302419,30.572462662069526
TSLA,Tesla Inc.,2022,4,2022-11-15 00:00:00-05:00,0.9923954372623575,positive,-3.857627852399581,-1,-0.5030061453996805,1.4119300697941306,30.728732364570618
TSLA,Tesla Inc.,2021,2,2021-05-17 00:00:00-04:00,0.8509316770186336,positive,0.18029458511532592,0,-2.535887881455326,12.15783678053965,22.2089095797554
TSLA,Tesla Inc.,2023,4,2023-11-15 00:00:00-05:00,0.8658536585365854,positive,-3.8090924639652135,-1,1.4152173873562846,6.108011034531851,64.88031474857891
TSLA,Tesla Inc.,2024,1,2024-02-15 00:00:00-05:00,0.8051575931232091,positive,-0.24943876658132247,0,0.14492023863911907,-5.264851302859304,56.156337941559876
TSLA,Tesla Inc.,2022,4,2022-11-15 00:00:00-05:00,0.9280575539568345,positive,-3.857627852399581,-1,-0.5030061453996805,1.4119300697941306,30.728732364570618
TSLA,Tesla Inc.,2023,2,2023-05-15 00:00:00-04:00,1.0,positive,0.1021930644472091,0,-0.23246414569699114,11.360898291982076,55.93701221436909
TSLA,Tesla Inc.,2023,3,2023-08-15 00:00:00-04:00,0.9923954372623575,positive,-3.1593408302874493,-1,-0.938079087895276,-2.018286869302419,30.572462662069526
TSLA,Tesla Inc.,2022,2,2022-05-16 00:00:00-04:00,0.922077922077922,positive,5.141017778952928,1,-2.1578687116434976,8.53845444813827,27.664897689097742
TSLA,Tesla Inc.,2023,2,2023-05-15 00:00:00-04:00,0.9523809523809523,positive,0.1021930644472091,0,-0.23246414569699114,11.360898291982076,55.93701221436909
TSLA,Tesla Inc.,2021,2,2021-05-17 00:00:00-04:00,1.0,positive,0.18029458511532592,0,-2.535887881455326,12.15783678053965,22.2089095797554
TSLA,Tesla Inc.,2021,2,2021-05-17 00:00:00-04:00,1.0,positive,0.18029458511532592,0,-2.535887881455326,12.15783678053965,22.2089095797554
TSLA,Tesla Inc.,2021,1,2021-02-16 00:00:00-05:00,1.0,positive,0.24238672272685058,0,-1.3681393808000484,20.934182052527685,38.33501750214649
TSLA,Tesla Inc.,2022,1,2022-02-15 00:00:00-05:00,0.9555555555555556,positive,0.10407532409399955,0,-0.6675005078202509,3.647724400814969,45.16663587927746
TSLA,Tesla Inc.,2024,2,2024-05-15 00:00:00-04:00,0.9847908745247148,positive,0.4885285464054867,0,-0.004830790567194043,4.072420203293097,59.64956338653539
TSLA,Tesla Inc.,2024,2,2024-05-15 00:00:00-04:00,1.0,positive,0.4885285464054867,0,-0.004830790567194043,4.072420203293097,59.64956338653539
TSLA,Tesla Inc.,2022,3,2022-08-15 00:00:00-04:00,0.8957055214723927,positive,-0.8912075793144236,0,0.856269540789356,-5.578939239617362,63.02383526891221
AMD,Advanced Micro Devices Inc.,2024,2,2024-05-15 00:00:00-04:00,0.48717948717948717,positive,1.8475587036212104,1,-0.16038404069853351,-1.106732762142535,51.62396915015289
AMD,Advanced Micro Devices Inc.,2024,1,2024-02-15 00:00:00-05:00,0.4847161572052402,positive,-1.634984996300548,-1,0.9092681547800229,2.681206902161491,48.35119853900855
AMD,Advanced Micro Devices Inc.,2022,4,2022-11-15 00:00:00-05:00,0.6074766355140186,positive,-4.805559337896048,-1,3.3266884203771796,15.291140521008582,68.59962714332579
AMD,Advanced Micro Devices Inc.,2023,2,2023-05-15 00:00:00-04:00,0.5113350125944585,positive,4.188913518621096,1,1.2116954413871883,-2.6218604395304297,60.834044177839566
AMD,Advanced Micro Devices Inc.,2022,1,2022-02-15 00:00:00-05:00,0.8195876288659794,positive,-3.1118784401993005,-1,-1.4172910839019015,12.777243715324316,52.41910550592989
AMD,Advanced Micro Devices Inc.,2021,2,2021-05-17 00:00:00-04:00,1.0,positive,-0.2813115608575778,0,-1.069527663067491,2.351122546985452,19.22637600325659
AMD,Advanced Micro Devices Inc.,2024,1,2024-02-15 00:00:00-05:00,0.9376623376623376,positive,-1.634984996300548,-1,0.9092681547800229,2.681206902161491,48.35119853900855
AMD,Advanced Micro Devices Inc.,2024,4,2024-11-15 00:00:00-05:00,0.992619926199262,positive,2.9873973029155954,1,-1.5046457251159229,1.2963334519586067,34.37556466421485
AMD,Advanced Micro Devices Inc.,2024,3,2024-08-15 00:00:00-04:00,0.6683673469387755,positive,0.8143301732301156,0,1.8444254915112857,-7.858030624657383,52.604492394487075
AMD,Advanced Micro Devices Inc.,2021,2,2021-05-17 00:00:00-04:00,0.9776951672862454,positive,-0.2813115608575778,0,-1.069527663067491,2.351122546985452,19.22637600325659
AMD,Advanced Micro Devices Inc.,2021,3,2021-08-16 00:00:00-04:00,0.8879551820728291,positive,0.07442705541653716,0,0.10275092675439579,-1.8820505049894336,69.82011257274365
AMD,Advanced Micro Devices Inc.,2023,1,2023-02-15 00:00:00-05:00,0.9855072463768116,positive,-5.9873191545541715,-1,0.03411765384090391,-1.9558687346718244,65.74442962764374
AMD,Advanced Micro Devices Inc.,2021,4,2021-11-15 00:00:00-05:00,0.8611111111111112,positive,4.068531115835228,1,1.782185200493727,6.0934627752256985,73.71353397184197
AMD,Advanced Micro Devices Inc.,2024,4,2024-11-15 00:00:00-05:00,0.7929155313351499,positive,2.9873973029155954,1,-1.5046457251159229,1.2963334519586067,34.37556466421485
AMD,Advanced Micro Devices Inc.,2022,1,2022-02-15 00:00:00-05:00,0.9776119402985075,positive,-3.1118784401993005,-1,-1.4172910839019015,12.777243715324316,52.41910550592989
AMD,Advanced Micro Devices Inc.,2022,1,2022-02-15 00:00:00-05:00,0.9283387622149837,positive,-3.1118784401993005,-1,-1.4172910839019015,12.777243715324316,52.41910550592989
AMD,Advanced Micro Devices Inc.,2022,1,2022-02-15 00:00:00-05:00,1.0,positive,-3.1118784401993005,-1,-1.4172910839019015,12.777243715324316,52.41910550592989
AMD,Advanced Micro Devices Inc.,2021,1,2021-02-16 00:00:00-05:00,0.9776951672862454,positive,-1.66192505825693,-1,0.6263409674617387,-4.010273261494971,49.14039978897115
AMD,Advanced Micro Devices Inc.,2021,1,2021-02-16 00:00:00-05:00,1.0,positive,-1.66192505825693,-1,0.6263409674617387,-4.010273261494971,49.14039978897115
AMD,Advanced Micro Devices Inc.,2023,3,2023-08-15 00:00:00-04:00,0.9924812030075187,positive,-3.735964157809746,-1,-0.806610230111542,-2.343564039448853,48.717953143864314
AMD,Advanced Micro Devices Inc.,2021,1,2021-02-16 00:00:00-05:00,1.0,positive,-1.66192505825693,-1,0.6263409674617387,-4.010273261494971,49.14039978897115
AMD,Advanced Micro Devices Inc.,2022,4,2022-11-15 00:00:00-05:00,1.0,positive,-4.805559337896048,-1,3.3266884203771796,15.291140521008582,68.59962714332579
AMD,Advanced Micro Devices Inc.,2022,3,2022-08-15 00:00:00-04:00,0.8177083333333334,positive,-0.8019059210550683,0,-0.24387860873876122,-5.053913227295122,67.09543961838523
AMD,Advanced Micro Devices Inc.,2024,2,2024-05-15 00:00:00-04:00,1.0,positive,1.8475587036212104,1,-0.16038404069853351,-1.106732762142535,51.62396915015289
AMD,Advanced Micro Devices Inc.,2021,2,2021-05-17 00:00:00-04:00,1.0,positive,-0.2813115608575778,0,-1.069527663067491,2.351122546985452,19.22637600325659
AMD,Advanced Micro Devices Inc.,2023,3,2023-08-15 00:00:00-04:00,0.394919168591224,positive,-3.735964157809746,-1,-0.806610230111542,-2.343564039448853,48.717953143864314
AMD,Advanced Micro Devices Inc.,2022,4,2022-11-15 00:00:00-05:00,0.867595818815331,positive,-4.805559337896048,-1,3.3266884203771796,15.291140521008582,68.59962714332579
AMD,Advanced Micro Devices Inc.,2023,4,2023-11-15 00:00:00-05:00,0.660759493670886,positive,1.5508490093683713,1,1.1314189147694775,8.896213797370827,84.7028124957623
AMD,Advanced Micro Devices Inc.,2021,2,2021-05-17 00:00:00-04:00,0.9854014598540146,positive,-0.2813115608575778,0,-1.069527663067491,2.351122546985452,19.22637600325659
AMD,Advanced Micro Devices Inc.,2024,3,2024-08-15 00:00:00-04:00,1.0,positive,0.8143301732301156,0,1.8444254915112857,-7.858030624657383,52.604492394487075
AMD,Advanced Micro Devices Inc.,2022,1,2022-02-15 00:00:00-05:00,0.9562043795620438,positive,-3.1118784401993005,-1,-1.4172910839019015,12.777243715324316,52.41910550592989
AMD,Advanced Micro Devices Inc.,2022,2,2022-05-16 00:00:00-04:00,1.0,positive,8.733025831378583,1,0.13847011080313046,-0.7824131200201091,53.91135486494168
AMD,Advanced Micro Devices Inc.,2021,2,2021-05-17 00:00:00-04:00,0.9851301115241635,positive,-0.2813115608575778,0,-1.069527663067491,2.351122546985452,19.22637600325659
AMD,Advanced Micro Devices Inc.,2023,1,2023-02-15 00:00:00-05:00,1.0,positive,-5.9873191545541715,-1,0.03411765384090391,-1.9558687346718244,65.74442962764374
AMD,Advanced Micro Devices Inc.,2022,2,2022-05-16 00:00:00-04:00,0.6777777777777778,positive,8.733025831378583,1,0.13847011080313046,-0.7824131200201091,53.91135486494168
AMD,Advanced Micro Devices Inc.,2021,1,2021-02-16 00:00:00-05:00,0.9706959706959707,positive,-1.66192505825693,-1,0.6263409674617387,-4.010273261494971,49.14039978897115
AMD,Advanced Micro Devices Inc.,2024,3,2024-08-15 00:00:00-04:00,0.9924812030075187,positive,0.8143301732301156,0,1.8444254915112857,-7.858030624657383,52.604492394487075
AMD,Advanced Micro Devices Inc.,2023,1,2023-02-15 00:00:00-05:00,0.4945054945054945,positive,-5.9873191545541715,-1,0.03411765384090391,-1.9558687346718244,65.74442962764374
AMD,Advanced Micro Devices Inc.,2022,2,2022-05-16 00:00:00-04:00,0.8726114649681529,positive,8.733025831378583,1,0.13847011080313046,-0.7824131200201091,53.91135486494168
AMD,Advanced Micro Devices Inc.,2022,2,2022-05-16 00:00:00-04:00,0.8591549295774648,positive,8.733025831378583,1,0.13847011080313046,-0.7824131200201091,53.91135486494168
AMD,Advanced Micro Devices Inc.,2022,4,2022-11-15 00:00:00-05:00,1.0,positive,-4.805559337896048,-1,3.3266884203771796,15.291140521008582,68.59962714332579
AMD,Advanced Micro Devices Inc.,2021,4,2021-11-15 00:00:00-05:00,1.0,positive,4.068531115835228,1,1.782185200493727,6.0934627752256985,73.71353397184197
AMD,Advanced Micro Devices Inc.,2021,2,2021-05-17 00:00:00-04:00,0.824,positive,-0.2813115608575778,0,-1.069527663067491,2.351122546985452,19.22637600325659
AMD,Advanced Micro Devices Inc.,2021,1,2021-02-16 00:00:00-05:00,0.7766233766233767,positive,-1.66192505825693,-1,0.6263409674617387,-4.010273261494971,49.14039978897115
AMD,Advanced Micro Devices Inc.,2022,2,2022-05-16 00:00:00-04:00,0.9850187265917603,positive,8.733025831378583,1,0.13847011080313046,-0.7824131200201091,53.91135486494168
AMD,Advanced Micro Devices Inc.,2023,2,2023-05-15 00:00:00-04:00,1.0,positive,4.188913518621096,1,1.2116954413871883,-2.6218604395304297,60.834044177839566
AMD,Advanced Micro Devices Inc.,2024,3,2024-08-15 00:00:00-04:00,0.8560411311053985,positive,0.8143301732301156,0,1.8444254915112857,-7.858030624657383,52.604492394487075
INTC,Intel Corporation,2024,2,2024-05-15 00:00:00-04:00,0.7101449275362319,positive,2.430437350555281,1,0.25338666632726436,4.263496437123953,30.643454268464453
INTC,Intel Corporation,2022,1,2022-02-15 00:00:00-05:00,0.9927272727272727,positive,-0.43354130642155875,0,-0.232983300248788,2.0826864812990658,37.279211805396315
INTC,Intel Corporation,2021,1,2021-02-16 00:00:00-05:00,1.0,positive,-0.9924935062423978,0,1.111925126766991,1.086149931285704,73.75529272176817
INTC,Intel Corporation,2021,4,2021-11-15 00:00:00-05:00,0.8348623853211009,positive,0.5763146513867667,0,-0.2379129503764621,-7.238198503821802,59.20760529036078
INTC,Intel Corporation,2022,1,2022-02-15 00:00:00-05:00,1.0,positive,-0.43354130642155875,0,-0.232983300248788,2.0826864812990658,37.279211805396315
INTC,Intel Corporation,2022,4,2022-11-15 00:00:00-05:00,0.9866220735785953,positive,-3.8423906129987473,-1,1.4007160320384362,10.794246740272026,65.09239827266475
INTC,Intel Corporation,2024,2,2024-05-15 00:00:00-04:00,0.9924528301886792,positive,2.430437350555281,1,0.25338666632726436,4.263496437123953,30.643454268464453
INTC,Intel Corporation,2023,4,2023-11-15 00:00:00-05:00,0.8649789029535865,positive,6.747107275637765,1,0.3521496538162716,15.670121259072687,81.43975094549491
INTC,Intel Corporation,2021,1,2021-02-16 00:00:00-05:00,0.7606837606837606,positive,-0.9924935062423978,0,1.111925126766991,1.086149931285704,73.75529272176817
INTC,Intel Corporation,2021,3,2021-08-16 00:00:00-04:00,0.9923954372623575,positive,-1.4587579113746307,-1,-0.15864943871790826,-3.234108140425402,44.00120690476567
INTC,Intel Corporation,2021,4,2021-11-15 00:00:00-05:00,0.9699248120300752,positive,0.5763146513867667,0,-0.2379129503764621,-7.238198503821802,59.20760529036078
INTC,Intel Corporation,2022,2,2022-05-16 00:00:00-04:00,0.6419753086419753,positive,3.064074315503973,1,-0.2955701137748079,-4.014975844627193,40.079972985331445
INTC,Intel Corporation,2021,2,2021-05-17 00:00:00-04:00,0.9924528301886792,positive,-0.8856032737215358,0,-0.7961952398862971,11.058629326809749,34.98607848166196
INTC,Intel Corporation,2022,3,2022-08-15 00:00:00-04:00,0.6850828729281768,positive,-0.41278304567534674,0,0.41728025961235815,-0.5761935460302814,37.40116562526481
INTC,Intel Corporation,2022,2,2022-05-16 00:00:00-04:00,1.0,positive,3.064074315503973,1,-0.2955701137748079,-4.014975844627193,40.079972985331445
INTC,Intel Corporation,2021,3,2021-08-16 00:00:00-04:00,1.0,positive,-1.4587579113746307,-1,-0.15864943871790826,-3.234108140425402,44.00120690476567
INTC,Intel Corporation,2024,3,2024-08-15 00:00:00-04:00,0.6836158192090396,positive,0.8699869527769355,0,1.0726048370457897,-7.1420081815939565,19.341017550625665
INTC,Intel Corporation,2023,3,2023-08-15 00:00:00-04:00,1.0,positive,-3.566289030809222,-1,0.265496302791417,13.236173052263045,59.98438503802734
INTC,Intel Corporation,2024,4,2024-11-15 00:00:00-05:00,0.6476964769647696,positive,2.0123193570504183,1,-0.8938934921483501,-12.819331674640134,61.03286603588645
INTC,Intel Corporation,2022,2,2022-05-16 00:00:00-04:00,1.0,positive,3.064074315503973,1,-0.2955701137748079,-4.014975844627193,40.079972985331445
INTC,Intel Corporation,2024,1,2024-02-15 00:00:00-05:00,1.0,positive,-1.2258761939946239,-1,0.664869111265669,4.272819592656079,28.62719439720449
INTC,Intel Corporation,2021,2,2021-05-17 00:00:00-04:00,1.0,positive,-0.8856032737215358,0,-0.7961952398862971,11.058629326809749,34.98607848166196
INTC,Intel Corporation,2024,2,2024-05-15 00:00:00-04:00,0.5294117647058824,positive,2.430437350555281,1,0.25338666632726436,4.263496437123953,30.643454268464453
INTC,Intel Corporation,2021,1,2021-02-16 00:00:00-05:00,1.0,positive,-0.9924935062423978,0,1.111925126766991,1.086149931285704,73.75529272176817
INTC,Intel Corporation,2024,1,2024-02-15 00:00:00-05:00,1.0,positive,-1.2258761939946239,-1,0.664869111265669,4.272819592656079,28.62719439720449
INTC,Intel Corporation,2024,2,2024-05-15 00:00:00-04:00,1.0,positive,2.430437350555281,1,0.25338666632726436,4.263496437123953,30.643454268464453
INTC,Intel Corporation,2021,1,2021-02-16 00:00:00-05:00,1.0,positive,-0.9924935062423978,0,1.111925126766991,1.086149931285704,73.75529272176817
INTC,Intel Corporation,2022,1,2022-02-15 00:00:00-05:00,0.9709090909090909,positive,-0.43354130642155875,0,-0.232983300248788,2.0826864812990658,37.279211805396315
INTC,Intel Corporation,2022,3,2022-08-15 00:00:00-04:00,0.602996254681648,positive,-0.41278304567534674,0,0.41728025961235815,-0.5761935460302814,37.40116562526481
INTC,Intel Corporation,2021,4,2021-11-15 00:00:00-05:00,0.9928057553956835,positive,0.5763146513867667,0,-0.2379129503764621,-7.238198503821802,59.20760529036078
INTC,Intel Corporation,2022,3,2022-08-15 00:00:00-04:00,0.8430379746835444,positive,-0.41278304567534674,0,0.41728025961235815,-0.5761935460302814,37.40116562526481
INTC,Intel Corporation,2021,3,2021-08-16 00:00:00-04:00,0.8391959798994975,positive,-1.4587579113746307,-1,-0.15864943871790826,-3.234108140425402,44.00120690476567
INTC,Intel Corporation,2022,1,2022-02-15 00:00:00-05:00,0.7277777777777777,positive,-0.43354130642155875,0,-0.232983300248788,2.0826864812990658,37.279211805396315
INTC,Intel Corporation,2024,2,2024-05-15 00:00:00-04:00,0.5028901734104047,positive,2.430437350555281,1,0.25338666632726436,4.263496437123953,30.643454268464453
INTC,Intel Corporation,2022,4,2022-11-15 00:00:00-05:00,0.7183098591549296,positive,-3.8423906129987473,-1,1.4007160320384362,10.794246740272026,65.09239827266475
INTC,Intel Corporation,2023,2,2023-05-15 00:00:00-04:00,1.0,positive,-1.9462978764257621,-1,-1.3422189869229784,-2.566327538688488,46.44907669001302
INTC,Intel Corporation,2023,3,2023-08-15 00:00:00-04:00,0.6731301939058172,positive,-3.566289030809222,-1,0.265496302791417,13.236173052263045,59.98438503802734
INTC,Intel Corporation,2023,4,2023-11-15 00:00:00-05:00,1.0,positive,6.747107275637765,1,0.3521496538162716,15.670121259072687,81.43975094549491
INTC,Intel Corporation,2023,1,2023-02-15 00:00:00-05:00,0.5858585858585859,positive,-2.253028444486649,-1,-0.26574527252234414,-9.351736838397315,45.960981752922194
INTC,Intel Corporation,2024,3,2024-08-15 00:00:00-04:00,1.0,positive,0.8699869527769355,0,1.0726048370457897,-7.1420081815939565,19.341017550625665
INTC,Intel Corporation,2021,1,2021-02-16 00:00:00-05:00,0.9139784946236559,positive,-0.9924935062423978,0,1.111925126766991,1.086149931285704,73.75529272176817
INTC,Intel Corporation,2024,4,2024-11-15 00:00:00-05:00,0.9927272727272727,positive,2.0123193570504183,1,-0.8938934921483501,-12.819331674640134,61.03286603588645
INTC,Intel Corporation,2024,4,2024-11-15 00:00:00-05:00,0.9926739926739927,positive,2.0123193570504183,1,-0.8938934921483501,-12.819331674640134,61.03286603588645
INTC,Intel Corporation,2024,4,2024-11-15 00:00:00-05:00,0.9709090909090909,positive,2.0123193570504183,1,-0.8938934921483501,-12.819331674640134,61.03286603588645
INTC,Intel Corporation,2021,3,2021-08-16 00:00:00-04:00,0.9851851851851852,positive,-1.4587579113746307,-1,-0.15864943871790826,-3.234108140425402,44.00120690476567
INTC,Intel Corporation,2021,4,2021-11-15 00:00:00-05:00,1.0,positive,0.5763146513867667,0,-0.2379129503764621,-7.238198503821802,59.20760529036078
INTC,Intel Corporation,2022,3,2022-08-15 00:00:00-04:00,1.0,positive,-0.41278304567534674,0,0.41728025961235815,-0.5761935460302814,37.40116562526481
INTC,Intel Corporation,2023,2,2023-05-15 00:00:00-04:00,0.655367231638418,positive,-1.9462978764257621,-1,-1.3422189869229784,-2.566327538688488,46.44907669001302
INTC,Intel Corporation,2022,1,2022-02-15 00:00:00-05:00,0.853904282115869,positive,-0.43354130642155875,0,-0.232983300248788,2.0826864812990658,37.279211805396315
INTC,Intel Corporation,2024,2,2024-05-15 00:00:00-04:00,1.0,positive,2.430437350555281,1,0.25338666632726436,4.263496437123953,30.643454268464453
INTC,Intel Corporation,2022,4,2022-11-15 00:00:00-05:00,0.6410256410256411,positive,-3.8423906129987473,-1,1.4007160320384362,10.794246740272026,65.09239827266475
INTC,Intel Corporation,2021,1,2021-02-16 00:00:00-05:00,0.9331103678929766,positive,-0.9924935062423978,0,1.111925126766991,1.086149931285704,73.75529272176817
INTC,Intel Corporation,2024,1,2024-02-15 00:00:00-05:00,0.871866295264624,positive,-1.2258761939946239,-1,0.664869111265669,4.272819592656079,28.62719439720449
INTC,Intel Corporation,2023,4,2023-11-15 00:00:00-05:00,0.6892655367231638,positive,6.747107275637765,1,0.3521496538162716,15.670121259072687,81.43975094549491
INTC,Intel Corporation,2024,1,2024-02-15 00:00:00-05:00,1.0,positive,-1.2258761939946239,-1,0.664869111265669,4.272819592656079,28.62719439720449
INTC,Intel Corporation,2021,2,2021-05-17 00:00:00-04:00,0.8054711246200608,positive,-0.8856032737215358,0,-0.7961952398862971,11.058629326809749,34.98607848166196
INTC,Intel Corporation,2023,4,2023-11-15 00:00:00-05:00,1.0,positive,6.747107275637765,1,0.3521496538162716,15.670121259072687,81.43975094549491
INTC,Intel Corporation,2023,1,2023-02-15 00:00:00-05:00,0.8147268408551069,positive,-2.253028444486649,-1,-0.26574527252234414,-9.351736838397315,45.960981752922194
INTC,Intel Corporation,2021,3,2021-08-16 00:00:00-04:00,0.85625,positive,-1.4587579113746307,-1,-0.15864943871790826,-3.234108140425402,44.00120690476567
INTC,Intel Corporation,2024,1,2024-02-15 00:00:00-05:00,0.6519337016574586,positive,-1.2258761939946239,-1,0.664869111265669,4.272819592656079,28.62719439720449
CRM,Salesforce Inc.,2022,1,2022-02-15 00:00:00-05:00,0.7813333333333333,positive,-1.1715308450889639,-1,-0.9691655321061885,15.699461180749609,44.03133838701807
CRM,Salesforce Inc.,2022,2,2022-05-16 00:00:00-04:00,0.9077809798270894,positive,-0.2376396394661362,0,-0.2847777316880086,2.620738293080083,45.09854514614419
CRM,Salesforce Inc.,2021,3,2021-08-16 00:00:00-04:00,0.872,positive,-0.8868373280009334,0,0.09135401172880586,10.322835828382278,55.63783401198865
CRM,Salesforce Inc.,2023,4,2023-11-15 00:00:00-05:00,0.88268156424581,positive,0.9251724960692487,0,0.8743294524761659,2.2783446223146884,89.18131278689033
CRM,Salesforce Inc.,2021,3,2021-08-16 00:00:00-04:00,0.988795518207283,positive,-0.8868373280009334,0,0.09135401172880586,10.322835828382278,55.63783401198865
CRM,Salesforce Inc.,2021,4,2021-11-15 00:00:00-05:00,0.9931506849315068,positive,0.5237629604686989,0,-0.024911092999728712,1.2186541138239577,68.1805352243542
CRM,Salesforce Inc.,2021,3,2021-08-16 00:00:00-04:00,1.0,positive,-0.8868373280009334,0,0.09135401172880586,10.322835828382278,55.63783401198865
CRM,Salesforce Inc.,2024,4,2024-11-15 00:00:00-05:00,0.9036144578313253,positive,-0.9254203443874953,0,1.3576973390221352,13.656484588245002,76.21224652956408
CRM,Salesforce Inc.,2021,2,2021-05-17 00:00:00-04:00,1.0,positive,-0.33943624117405147,0,0.12220688173010918,-4.5519955805595975,30.660592194365364
CRM,Salesforce Inc.,2024,1,2024-02-15 00:00:00-05:00,0.7659033078880407,positive,-0.7604207815830821,0,0.03716167347828092,3.3993253372034964,60.156532001838094
CRM,Salesforce Inc.,2024,3,2024-08-15 00:00:00-04:00,0.9058823529411765,positive,0.045646111981789694,0,1.2520707019673183,2.6853986810203585,48.83632941897037
CRM,Salesforce Inc.,2023,1,2023-02-15 00:00:00-05:00,0.9934640522875817,positive,-1.7475316852552547,-1,-0.12706769773185522,9.09235161379384,65.35290138304269
CRM,Salesforce Inc.,2021,1,2021-02-16 00:00:00-05:00,0.9040404040404041,positive,-0.374097985797639,0,0.15597744966351357,1.7837338053887315,78.3444244793781
CRM,Salesforce Inc.,2021,3,2021-08-16 00:00:00-04:00,0.975,positive,-0.8868373280009334,0,0.09135401172880586,10.322835828382278,55.63783401198865
CRM,Salesforce Inc.,2021,1,2021-02-16 00:00:00-05:00,0.784366576819407,positive,-0.374097985797639,0,0.15597744966351357,1.7837338053887315,78.3444244793781
CRM,Salesforce Inc.,2022,4,2022-11-15 00:00:00-05:00,0.9239766081871345,positive,-4.288286070670322,-1,1.9676301958151847,3.007464032777478,44.582847519760335
CRM,Salesforce Inc.,2023,1,2023-02-15 00:00:00-05:00,0.7564766839378239,positive,-1.7475316852552547,-1,-0.12706769773185522,9.09235161379384,65.35290138304269
CRM,Salesforce Inc.,2022,4,2022-11-15 00:00:00-05:00,0.9782608695652174,positive,-4.288286070670322,-1,1.9676301958151847,3.007464032777478,44.582847519760335
CRM,Salesforce Inc.,2023,3,2023-08-15 00:00:00-04:00,0.88268156424581,positive,-0.8573555479334583,0,-0.3579848879288594,6.595897256869948,26.878570293028844
CRM,Salesforce Inc.,2022,4,2022-11-15 00:00:00-05:00,0.9927007299270073,positive,-4.288286070670322,-1,1.9676301958151847,3.007464032777478,44.582847519760335
CRM,Salesforce Inc.,2022,3,2022-08-15 00:00:00-04:00,0.9703264094955489,positive,-0.7693933041910128,0,0.0024413888577900166,3.751803182109409,62.55979986717769
CRM,Salesforce Inc.,2023,2,2023-05-15 00:00:00-04:00,1.0,positive,0.6049238496704579,0,0.4298031028646343,5.776212025450595,60.29897261420764
CRM,Salesforce Inc.,2021,2,2021-05-17 00:00:00-04:00,0.901840490797546,positive,-0.33943624117405147,0,0.12220688173010918,-4.5519955805595975,30.660592194365364
CRM,Salesforce Inc.,2023,2,2023-05-15 00:00:00-04:00,0.8926553672316384,positive,0.6049238496704579,0,0.4298031028646343,5.776212025450595,60.29897261420764
CRM,Salesforce Inc.,2021,3,2021-08-16 00:00:00-04:00,0.906158357771261,positive,-0.8868373280009334,0,0.09135401172880586,10.322835828382278,55.63783401198865
CRM,Salesforce Inc.,2024,2,2024-05-15 00:00:00-04:00,0.9161676646706587,positive,-0.9946581849084257,0,-0.024692668443098142,0.757437088667581,51.0218078771202
CRM,Salesforce Inc.,2021,1,2021-02-16 00:00:00-05:00,0.9855595667870036,positive,-0.374097985797639,0,0.15597744966351357,1.7837338053887315,78.3444244793781
CRM,Salesforce Inc.,2024,4,2024-11-15 00:00:00-05:00,0.9035532994923858,positive,-0.9254203443874953,0,1.3576973390221352,13.656484588245002,76.21224652956408
CRM,Salesforce Inc.,2021,3,2021-08-16 00:00:00-04:00,1.0,positive,-0.8868373280009334,0,0.09135401172880586,10.322835828382278,55.63783401198865
CRM,Salesforce Inc.,2021,2,2021-05-17 00:00:00-04:00,0.9064327485380117,positive,-0.33943624117405147,0,0.12220688173010918,-4.5519955805595975,30.660592194365364
CRM,Salesforce Inc.,2024,3,2024-08-15 00:00:00-04:00,0.9715302491103203,positive,0.045646111981789694,0,1.2520707019673183,2.6853986810203585,48.83632941897037
CRM,Salesforce Inc.,2022,3,2022-08-15 00:00:00-04:00,1.0,positive,-0.7693933041910128,0,0.0024413888577900166,3.751803182109409,62.55979986717769
CRM,Salesforce Inc.,2024,4,2024-11-15 00:00:00-05:00,0.8565737051792829,positive,-0.9254203443874953,0,1.3576973390221352,13.656484588245002,76.21224652956408
CRM,Salesforce Inc.,2021,2,2021-05-17 00:00:00-04:00,0.9566563467492261,positive,-0.33943624117405147,0,0.12220688173010918,-4.5519955805595975,30.660592194365364
CRM,Salesforce Inc.,2021,4,2021-11-15 00:00:00-05:00,0.9195402298850575,positive,0.5237629604686989,0,-0.024911092999728712,1.2186541138239577,68.1805352243542
CRM,Salesforce Inc.,2024,3,2024-08-15 00:00:00-04:00,0.9423631123919308,positive,0.045646111981789694,0,1.2520707019673183,2.6853986810203585,48.83632941897037
CRM,Salesforce Inc.,2022,2,2022-05-16 00:00:00-04:00,1.0,positive,-0.2376396394661362,0,-0.2847777316880086,2.620738293080083,45.09854514614419
CRM,Salesforce Inc.,2023,1,2023-02-15 00:00:00-05:00,0.9646643109540636,positive,-1.7475316852552547,-1,-0.12706769773185522,9.09235161379384,65.35290138304269
CRM,Salesforce Inc.,2022,2,2022-05-16 00:00:00-04:00,0.8926829268292683,positive,-0.2376396394661362,0,-0.2847777316880086,2.620738293080083,45.09854514614419
CRM,Salesforce Inc.,2021,3,2021-08-16 00:00:00-04:00,0.9731543624161074,positive,-0.8868373280009334,0,0.09135401172880586,10.322835828382278,55.63783401198865
CRM,Salesforce Inc.,2022,4,2022-11-15 00:00:00-05:00,0.8984771573604061,positive,-4.288286070670322,-1,1.9676301958151847,3.007464032777478,44.582847519760335
CRM,Salesforce Inc.,2022,3,2022-08-15 00:00:00-04:00,0.9230769230769231,positive,-0.7693933041910128,0,0.0024413888577900166,3.751803182109409,62.55979986717769
CRM,Salesforce Inc.,2022,4,2022-11-15 00:00:00-05:00,0.9927007299270073,positive,-4.288286070670322,-1,1.9676301958151847,3.007464032777478,44.582847519760335
CRM,Salesforce Inc.,2021,1,2021-02-16 00:00:00-05:00,0.9929328621908127,positive,-0.374097985797639,0,0.15597744966351357,1.7837338053887315,78.3444244793781
